support,itemsets
0.8923992673992674,"frozenset({'i', 'u'})"
0.842948717948718,"frozenset({'a', 'i'})"
0.8031135531135531,"frozenset({'a', 'u'})"
0.6460622710622711,"frozenset({'i', 'e'})"
0.6291208791208791,"frozenset({'i', 'o'})"
0.6190476190476191,"frozenset({'e', 'u'})"
0.6016483516483516,"frozenset({'a', 'e'})"
0.6002747252747253,"frozenset({'o', 'e'})"
0.5989010989010989,"frozenset({'o', 'u'})"
0.5828754578754579,"frozenset({'a', 'o'})"
0.33287545787545786,"frozenset({'i', 'ɛ'})"
0.3315018315018315,"frozenset({'ɔ', 'i'})"
0.3305860805860806,"frozenset({'ɔ', 'u'})"
0.326007326007326,"frozenset({'u', 'ɛ'})"
0.31547619047619047,"frozenset({'a', 'ɔ'})"
0.31272893772893773,"frozenset({'a', 'ɛ'})"
0.3076923076923077,"frozenset({'iː', 'i'})"
0.30448717948717946,"frozenset({'aː', 'a'})"
0.3017399267399267,"frozenset({'iː', 'uː'})"
0.30128205128205127,"frozenset({'ɔ', 'ɛ'})"
0.2944139194139194,"frozenset({'aː', 'i'})"
0.28846153846153844,"frozenset({'iː', 'a'})"
0.28708791208791207,"frozenset({'iː', 'u'})"
0.2857142857142857,"frozenset({'u', 'uː'})"
0.2847985347985348,"frozenset({'i', 'uː'})"
0.2825091575091575,"frozenset({'iː', 'aː'})"
0.2783882783882784,"frozenset({'aː', 'u'})"
0.2733516483516483,"frozenset({'ɔ', 'e'})"
0.27197802197802196,"frozenset({'o', 'ɛ'})"
0.26877289377289376,"frozenset({'ɔ', 'o'})"
0.2673992673992674,"frozenset({'a', 'uː'})"
0.2623626373626374,"frozenset({'aː', 'uː'})"
0.25366300366300365,"frozenset({'e', 'ɛ'})"
0.21108058608058608,"frozenset({'iː', 'eː'})"
0.2078754578754579,"frozenset({'iː', 'o'})"
0.20741758241758243,"frozenset({'iː', 'oː'})"
0.2042124542124542,"frozenset({'iː', 'e'})"
0.20238095238095238,"frozenset({'i', 'ə'})"
0.20192307692307693,"frozenset({'eː', 'i'})"
0.20100732600732601,"frozenset({'oː', 'i'})"
0.20054945054945056,"frozenset({'oː', 'eː'})"
0.19963369963369965,"frozenset({'aː', 'e'})"
0.19826007326007325,"frozenset({'aː', 'o'})"
0.19826007326007325,"frozenset({'a', 'eː'})"
0.1978021978021978,"frozenset({'u', 'ə'})"
0.19734432234432234,"frozenset({'eː', 'uː'})"
0.1955128205128205,"frozenset({'eː', 'e'})"
0.1936813186813187,"frozenset({'oː', 'o'})"
0.1936813186813187,"frozenset({'aː', 'eː'})"
0.19093406593406592,"frozenset({'e', 'uː'})"
0.19093406593406592,"frozenset({'oː', 'uː'})"
0.19047619047619047,"frozenset({'a', 'oː'})"
0.18956043956043955,"frozenset({'o', 'uː'})"
0.18956043956043955,"frozenset({'eː', 'u'})"
0.18956043956043955,"frozenset({'a', 'ə'})"
0.1891025641025641,"frozenset({'aː', 'oː'})"
0.1858974358974359,"frozenset({'oː', 'u'})"
0.18543956043956045,"frozenset({'eː', 'o'})"
0.18177655677655677,"frozenset({'oː', 'e'})"
0.1804029304029304,"frozenset({'i', 'ĩ'})"
0.16941391941391942,"frozenset({'i', 'ã'})"
0.1684981684981685,"frozenset({'ĩ', 'u'})"
0.1671245421245421,"frozenset({'a', 'ã'})"
0.1671245421245421,"frozenset({'i', 'ɨ'})"
0.1662087912087912,"frozenset({'a', 'ĩ'})"
0.16483516483516483,"frozenset({'i', 'ũ'})"
0.16437728937728938,"frozenset({'e', 'ə'})"
0.16437728937728938,"frozenset({'u', 'ũ'})"
0.16254578754578755,"frozenset({'o', 'ə'})"
0.15796703296703296,"frozenset({'ã', 'ĩ'})"
0.15796703296703296,"frozenset({'ã', 'u'})"
0.1575091575091575,"frozenset({'a', 'ɨ'})"
0.1565934065934066,"frozenset({'ĩ', 'ũ'})"
0.15476190476190477,"frozenset({'ĩ', 'e'})"
0.1543040293040293,"frozenset({'u', 'ɨ'})"
0.15293040293040294,"frozenset({'ĩ', 'o'})"
0.1510989010989011,"frozenset({'a', 'ũ'})"
0.1488095238095238,"frozenset({'ã', 'e'})"
0.14697802197802198,"frozenset({'ã', 'o'})"
0.14423076923076922,"frozenset({'ã', 'ũ'})"
0.14102564102564102,"frozenset({'e', 'ũ'})"
0.13736263736263737,"frozenset({'o', 'ũ'})"
0.13003663003663005,"frozenset({'o', 'ɨ'})"
0.1295787545787546,"frozenset({'e', 'ɨ'})"
0.11721611721611722,"frozenset({'iː', 'ɛ'})"
0.11721611721611722,"frozenset({'i', 'õ'})"
0.1163003663003663,"frozenset({'i', 'ẽ'})"
0.1163003663003663,"frozenset({'o', 'õ'})"
0.11538461538461539,"frozenset({'e', 'ẽ'})"
0.11446886446886446,"frozenset({'a', 'ɪ'})"
0.11217948717948718,"frozenset({'ɛ', 'uː'})"
0.11172161172161173,"frozenset({'ʊ', 'ɪ'})"
0.11172161172161173,"frozenset({'iː', 'ɔ'})"
0.11126373626373626,"frozenset({'e', 'õ'})"
0.1108058608058608,"frozenset({'ĩ', 'ẽ'})"
0.11034798534798534,"frozenset({'o', 'ẽ'})"
0.10989010989010989,"frozenset({'ĩ', 'õ'})"
0.10943223443223443,"frozenset({'ɔ', 'uː'})"
0.10897435897435898,"frozenset({'a', 'õ'})"
0.10851648351648352,"frozenset({'ɔ', 'ə'})"
0.10760073260073261,"frozenset({'a', 'ʊ'})"
0.10714285714285714,"frozenset({'u', 'ẽ'})"
0.10668498168498168,"frozenset({'a', 'ẽ'})"
0.10531135531135531,"frozenset({'u', 'õ'})"
0.10485347985347986,"frozenset({'ɛ', 'ə'})"
0.10302197802197802,"frozenset({'aː', 'ɔ'})"
0.10302197802197802,"frozenset({'õ', 'ẽ'})"
0.10256410256410256,"frozenset({'ã', 'ẽ'})"
0.10256410256410256,"frozenset({'iː', 'ɔː'})"
0.10256410256410256,"frozenset({'iː', 'ɛː'})"
0.1021062271062271,"frozenset({'aː', 'ɛ'})"
0.1021062271062271,"frozenset({'ɔ', 'ɔː'})"
0.10164835164835165,"frozenset({'ã', 'õ'})"
0.10119047619047619,"frozenset({'ɪ', 'ɛ'})"
0.10073260073260074,"frozenset({'i', 'ɔː'})"
